,itearation,variable,value
0,0,x_1,0.9999999872048213
1,1,x_1,1.0000000163545772
2,2,x_1,0.9999999930228709
3,3,x_1,0.9999999811927069
4,4,x_1,0.9999999776915108
5,0,x_2,0.9999999607740084
6,1,x_2,1.0000000008062468
7,2,x_2,0.999999993622429
8,3,x_2,0.9999999861235537
9,4,x_2,0.9999999920062852
10,0,x_3,0.9999999752169908
11,1,x_3,0.999999967171689
12,2,x_3,0.9999999803657428
13,3,x_3,0.9999999995346152
14,4,x_3,0.9999999865931606
15,0,x_4,0.9999999587830046
16,1,x_4,0.9999999815151859
17,2,x_4,0.9999999979455045
18,3,x_4,1.0000000040878405
19,4,x_4,1.0000000146937946
20,0,x_5,0.9999999955003517
21,1,x_5,0.9999994250390348
22,2,x_5,0.9999999905554467
23,3,x_5,1.0000000167413488
24,4,x_5,0.9999999736319767
25,0,x_6,0.9999999258363826
26,1,x_6,0.9999998187794757
27,2,x_6,0.9999999911501977
28,3,x_6,1.0000000092947072
29,4,x_6,1.0000000264552178
30,0,x_7,1.0000000176735502
31,1,x_7,1.0000000187868465
32,2,x_7,1.0000000087878633
33,3,x_7,0.9999999952868178
34,4,x_7,0.9999999595508616
35,0,x_8,1.000000016169549
36,1,x_8,0.9999999690072103
37,2,x_8,1.0000000003426923
38,3,x_8,0.9999999826230161
39,4,x_8,1.0000000176378956
40,0,x_9,1.0000000213821236
41,1,x_9,1.0000000109131095
42,2,x_9,1.00000001869419
43,3,x_9,1.0000000281975647
44,4,x_9,0.9999999947026975
45,0,x_10,0.9999999627684203
46,1,x_10,0.9999999533355851
47,2,x_10,1.0000000277941945
48,3,x_10,1.0000000020483324
49,4,x_10,0.9999999930070812
50,0,x_11,1.0000000624824488
51,1,x_11,0.9999999936911098
52,2,x_11,0.9999999642891932
53,3,x_11,1.0000000074810103
54,4,x_11,0.9999999619124716
55,0,x_12,0.9999999881881597
56,1,x_12,1.000000036428526
57,2,x_12,0.9999999953424216
58,3,x_12,0.9999999586177494
59,4,x_12,0.9999999880789509
60,0,x_13,0.9999999857898729
61,1,x_13,1.000000008881169
62,2,x_13,0.9999999334621358
63,3,x_13,1.0000000219776832
64,4,x_13,0.9999999941040965
65,0,x_14,1.0000000064318921
66,1,x_14,0.9999999649105679
67,2,x_14,1.0000000011000503
68,3,x_14,1.000000018551389
69,4,x_14,0.9999999803209009
70,0,x_15,0.9999999937059315
71,1,x_15,0.9999999815938311
72,2,x_15,1.000000016539208
73,3,x_15,0.9999999680564381
74,4,x_15,1.0000000112574468
75,0,x_16,0.9999999872187078
76,1,x_16,0.9999999599526668
77,2,x_16,1.0000000059443688
78,3,x_16,0.999999989486555
79,4,x_16,1.0000000158299112
80,0,x_17,1.0000000298593597
81,1,x_17,0.9999999668764306
82,2,x_17,1.0000000357049175
83,3,x_17,1.0000000198508563
84,4,x_17,1.0000000078156026
85,0,x_18,1.000000002932072
86,1,x_18,1.0000000013644514
87,2,x_18,1.0000000239400664
88,3,x_18,1.0000000058162561
89,4,x_18,0.9999999945939354
90,0,x_19,1.0000000014916923
91,1,x_19,0.9999999078469625
92,2,x_19,0.9999999736116962
93,3,x_19,0.9999999793511877
94,4,x_19,1.0000000030735143
95,0,x_20,0.9999999853737871
96,1,x_20,0.9999999667752886
97,2,x_20,1.0000000302302285
98,3,x_20,1.00000004441847
99,4,x_20,0.999999969139179
100,0,x_21,0.9999999883565021
101,1,x_21,0.9999999702301291
102,2,x_21,0.9999999863530822
103,3,x_21,0.9999999599437828
104,4,x_21,1.0000000209491589
105,0,x_22,0.999999961040702
106,1,x_22,1.0000000143023269
107,2,x_22,1.0000000025666798
108,3,x_22,1.0000000143656047
109,4,x_22,1.0000000232298398
110,0,x_23,0.9999999767793795
111,1,x_23,0.9999999720010682
112,2,x_23,0.9999999792353289
113,3,x_23,0.9999999846227959
114,4,x_23,0.9999999825327696
115,0,x_24,0.999999975867455
116,1,x_24,0.9999999778155583
117,2,x_24,0.9999999940075278
118,3,x_24,1.0000000000528173
119,4,x_24,0.9999999728333931
120,0,x_25,0.9999994080674488
121,1,x_25,0.9999999570716492
122,2,x_25,0.9999999961067306
123,3,x_25,1.0000000088223953
124,4,x_25,1.000000026008993
125,0,x_26,0.9999994798430955
126,1,x_26,1.0000000146139565
127,2,x_26,0.999999964844705
128,3,x_26,1.0000000129590314
129,4,x_26,0.9999999426005357
130,0,x_27,0.9999998153594908
131,1,x_27,1.000000035672989
132,2,x_27,1.0000000047214272
133,3,x_27,1.0000000176527801
134,4,x_27,1.0000000044441963
135,0,x_28,0.9999999565312541
136,1,x_28,0.999999963988786
137,2,x_28,1.0000000376972842
138,3,x_28,1.0000000098845157
139,4,x_28,1.000000027478538
140,0,x_29,1.0000000119038588
141,1,x_29,1.000000001333554
142,2,x_29,0.9999999733688637
143,3,x_29,0.9999999701481533
144,4,x_29,1.000000013286483
145,0,x_30,1.0000000364632453
146,1,x_30,1.000000020801959
147,2,x_30,0.9999999656259873
148,3,x_30,1.0000000063590289
149,4,x_30,0.9999999880478959
0,0,x_1,0.9999999995265185
1,1,x_1,0.9999999978893888
2,2,x_1,1.0000000005494738
3,3,x_1,0.9999999894664795
4,4,x_1,0.9999999650439266
5,0,x_2,1.0000000311960748
6,1,x_2,0.9999999857636005
7,2,x_2,0.9999999640059712
8,3,x_2,0.9999999967323558
9,4,x_2,1.0000000083098948
10,0,x_3,1.0000000065054182
11,1,x_3,0.9999999790893497
12,2,x_3,1.0000000243431437
13,3,x_3,0.9999999213371807
14,4,x_3,0.9999999754453763
15,0,x_4,1.0000000206967201
16,1,x_4,0.9999999857363929
17,2,x_4,0.9999999867528996
18,3,x_4,1.000000010885754
19,4,x_4,0.9999999871216158
20,0,x_5,0.9999999670319619
21,1,x_5,1.0000000240319353
22,2,x_5,1.0000000258929442
23,3,x_5,0.9999999681839131
24,4,x_5,1.0000000280527757
25,0,x_6,0.9999999936211831
26,1,x_6,0.9999999813354328
27,2,x_6,1.0000000072197708
28,3,x_6,1.00000001336838
29,4,x_6,1.000000002367924
30,0,x_7,1.0000000070032018
31,1,x_7,0.9999999601851356
32,2,x_7,1.0000000143838499
33,3,x_7,0.9999999680095379
34,4,x_7,0.9999999961084113
35,0,x_8,0.99999999137927
36,1,x_8,0.9999999963439792
37,2,x_8,1.0000000328166336
38,3,x_8,0.9999999970982868
39,4,x_8,1.000000006062398
40,0,x_9,1.000000031778969
41,1,x_9,0.9999999925556042
42,2,x_9,0.999999962666018
43,3,x_9,1.000000024830572
44,4,x_9,1.0000000013178243
45,0,x_10,0.9999999798033972
46,1,x_10,0.9999999632726312
47,2,x_10,0.9999999825636428
48,3,x_10,0.999999954742373
49,4,x_10,1.0000000046283977
50,0,x_11,0.999999997060172
51,1,x_11,0.9999999774289354
52,2,x_11,1.0000000192219642
53,3,x_11,0.9999999684477342
54,4,x_11,0.9999999784154128
55,0,x_12,0.9999999620066543
56,1,x_12,0.9999999981023407
57,2,x_12,0.9999999830278954
58,3,x_12,0.9999999590797922
59,4,x_12,1.0000000035510253
60,0,x_13,0.9999999547578773
61,1,x_13,1.0000000010411714
62,2,x_13,1.0000000193524763
63,3,x_13,1.0000000255459351
64,4,x_13,0.9999999811727829
65,0,x_14,0.9999999563590198
66,1,x_14,1.0000000016651722
67,2,x_14,0.9999999953887506
68,3,x_14,1.0000000099234256
69,4,x_14,0.9999999847322507
70,0,x_15,0.999999966204309
71,1,x_15,0.999999987037428
72,2,x_15,0.9999999549385696
73,3,x_15,0.9999999780358816
74,4,x_15,0.9999999901899268
75,0,x_16,0.9999999572696565
76,1,x_16,0.9999999965035229
77,2,x_16,0.9999999939584011
78,3,x_16,1.0000000206769333
79,4,x_16,1.0000000167822223
80,0,x_17,0.9999999784344817
81,1,x_17,1.000000008670222
82,2,x_17,0.9999999860601394
83,3,x_17,0.9999999577855666
84,4,x_17,1.0000000094431174
85,0,x_18,0.9973636867658155
86,1,x_18,1.0000000104368754
87,2,x_18,1.0000000099039064
88,3,x_18,1.0000000085686356
89,4,x_18,0.9999999832868646
90,0,x_19,0.9999999792205129
91,1,x_19,1.0000000486428346
92,2,x_19,0.9999999952771442
93,3,x_19,0.9999999647024478
94,4,x_19,0.9999999641373646
95,0,x_20,0.9999999792418452
96,1,x_20,0.9999999715206761
97,2,x_20,1.0000000259721684
98,3,x_20,0.9999999326334857
99,4,x_20,0.9999999685484772
100,0,x_21,0.9999999194194791
101,1,x_21,0.9999999832221749
102,2,x_21,0.9999999742036949
103,3,x_21,0.9999999906573428
104,4,x_21,0.9999999835160756
105,0,x_22,1.0000000424075832
106,1,x_22,1.000000007608583
107,2,x_22,0.9999999915650405
108,3,x_22,0.9999999806257165
109,4,x_22,0.9982013929762575
110,0,x_23,1.0000000254576775
111,1,x_23,0.9999999792125559
112,2,x_23,0.9999999743150279
113,3,x_23,1.000000022631331
114,4,x_23,0.9999999834895591
115,0,x_24,0.9999999761897429
116,1,x_24,0.9999999674454066
117,2,x_24,1.0000000201682244
118,3,x_24,1.00000002355224
119,4,x_24,1.0000000224832961
120,0,x_25,1.0000000125012674
121,1,x_25,0.9999999966895141
122,2,x_25,1.0000000013859516
123,3,x_25,0.9999999370259458
124,4,x_25,1.0000000138662246
125,0,x_26,1.0000000139367489
126,1,x_26,0.9999999627626879
127,2,x_26,0.9999999647493207
128,3,x_26,1.0000000076711946
129,4,x_26,1.0000000165861873
130,0,x_27,1.0000000168732066
131,1,x_27,0.9999999703354518
132,2,x_27,0.999999989984557
133,3,x_27,0.9999999607224191
134,4,x_27,0.9986386539965789
135,0,x_28,0.999999996171019
136,1,x_28,1.0000000237723066
137,2,x_28,0.9999999994579385
138,3,x_28,0.9999999818813555
139,4,x_28,1.0000000215660956
140,0,x_29,0.9999999667874326
141,1,x_29,0.9999999732226628
142,2,x_29,1.0000000536605516
143,3,x_29,0.9999999671436974
144,4,x_29,0.9999999927177392
145,0,x_30,1.0000000283361288
146,1,x_30,0.999999983750275
147,2,x_30,0.9999999740715706
148,3,x_30,1.0000000388321542
149,4,x_30,1.0000000607639168
0,0,x_1,0.9999999857041215
1,1,x_1,1.0000000090409165
2,2,x_1,0.9999999964291708
3,3,x_1,0.9999999817163361
4,4,x_1,1.0000000060836423
5,0,x_2,0.9999999790170485
6,1,x_2,0.9999999646321602
7,2,x_2,0.9999999647618619
8,3,x_2,1.0000000011919012
9,4,x_2,0.999999989639134
10,0,x_3,0.9973375318531454
11,1,x_3,0.9999999515094592
12,2,x_3,0.999999993253054
13,3,x_3,1.0000000245806153
14,4,x_3,1.0000000222730148
15,0,x_4,0.9999999963222992
16,1,x_4,0.9999999553084293
17,2,x_4,0.999999942956379
18,3,x_4,0.999999998406872
19,4,x_4,1.0000000072792938
20,0,x_5,0.9999999924503332
21,1,x_5,1.0000000127732123
22,2,x_5,0.9999998623262154
23,3,x_5,1.0000000357426873
24,4,x_5,0.999999978353895
25,0,x_6,1.000000016338179
26,1,x_6,0.999999982462221
27,2,x_6,1.0000000025618567
28,3,x_6,1.000000000339976
29,4,x_6,0.9999999829435713
30,0,x_7,1.0000000250528567
31,1,x_7,1.000000027849513
32,2,x_7,1.0000000142298642
33,3,x_7,0.9999999832357367
34,4,x_7,1.0000000043290422
35,0,x_8,1.000000022114631
36,1,x_8,1.0000000122564818
37,2,x_8,0.9999999629530013
38,3,x_8,0.9999999494421841
39,4,x_8,0.9999999892502236
40,0,x_9,0.999999970943858
41,1,x_9,0.9999999577703166
42,2,x_9,0.9999999655786528
43,3,x_9,1.0000000047953292
44,4,x_9,1.0000000206938056
45,0,x_10,0.999999973044681
46,1,x_10,0.9999999817429581
47,2,x_10,0.9999999533092726
48,3,x_10,1.0000000072887876
49,4,x_10,0.9999999982099617
50,0,x_11,0.9999999665301363
51,1,x_11,1.0000000118070391
52,2,x_11,0.9999999048310878
53,3,x_11,1.000000000079247
54,4,x_11,0.999999999535223
55,0,x_12,0.9999999841603278
56,1,x_12,1.0000000201989352
57,2,x_12,0.9999998505025413
58,3,x_12,0.9999999822937582
59,4,x_12,0.9999999837429631
60,0,x_13,0.9999999769666341
61,1,x_13,0.9999999876762341
62,2,x_13,0.9999999743557596
63,3,x_13,0.9999996952224783
64,4,x_13,0.9999999999647471
65,0,x_14,0.999999984843908
66,1,x_14,0.9999999778768361
67,2,x_14,0.9999999737004418
68,3,x_14,0.9999998693973163
69,4,x_14,0.9999999723063876
70,0,x_15,0.9999999653572477
71,1,x_15,1.0000000077250462
72,2,x_15,0.9999997886881267
73,3,x_15,0.9999999381230846
74,4,x_15,1.0000000067253012
75,0,x_16,0.9999999822655194
76,1,x_16,0.9999999779130102
77,2,x_16,0.9999998174743705
78,3,x_16,0.9999999661266933
79,4,x_16,0.9999999750878195
80,0,x_17,0.9999999826648188
81,1,x_17,1.0000000201059567
82,2,x_17,0.9999998834844658
83,3,x_17,0.999999544817769
84,4,x_17,1.000000001413518
85,0,x_18,1.0000000387589976
86,1,x_18,0.99999998384907
87,2,x_18,0.9999999164802476
88,3,x_18,0.9999995335118569
89,4,x_18,0.9999999910511586
90,0,x_19,1.000000008527856
91,1,x_19,1.0000000283849368
92,2,x_19,0.9999999565499679
93,3,x_19,0.999999998323378
94,4,x_19,0.9999999867008268
95,0,x_20,0.9999999927353801
96,1,x_20,1.000000038328277
97,2,x_20,0.9999999197050408
98,3,x_20,1.0000000077333184
99,4,x_20,1.0000000009103123
100,0,x_21,0.9999999866315299
101,1,x_21,0.9999999827615339
102,2,x_21,0.9999992466671794
103,3,x_21,0.9999999853119884
104,4,x_21,0.9999999724589895
105,0,x_22,0.99999999570651
106,1,x_22,1.0000000081575446
107,2,x_22,0.999998880578084
108,3,x_22,0.9999999969836945
109,4,x_22,1.000000008061817
110,0,x_23,0.9999999343606325
111,1,x_23,1.00000002589958
112,2,x_23,0.9999994621926587
113,3,x_23,0.9999999585591982
114,4,x_23,0.9999999939876895
115,0,x_24,0.9999999892627204
116,1,x_24,0.9999999833937755
117,2,x_24,0.9999995931673893
118,3,x_24,1.0000000218123841
119,4,x_24,0.999999951291158
120,0,x_25,0.9999999548973443
121,1,x_25,0.9964787360360081
122,2,x_25,0.9999993566986123
123,3,x_25,0.9999999943908172
124,4,x_25,1.0000000280296673
125,0,x_26,1.0000000233633959
126,1,x_26,1.000000000882309
127,2,x_26,0.9999994161246871
128,3,x_26,0.9999999986850888
129,4,x_26,0.9999999918571187
130,0,x_27,1.0000000210453643
131,1,x_27,0.9999999735339669
132,2,x_27,0.9999996764758262
133,3,x_27,1.0000000156490743
134,4,x_27,0.9999999974967233
135,0,x_28,0.9999999920197048
136,1,x_28,0.9999999937616854
137,2,x_28,0.9999993723163788
138,3,x_28,0.9999999907642211
139,4,x_28,1.0000000000072147
140,0,x_29,0.9999999851056219
141,1,x_29,0.999999997400976
142,2,x_29,0.9999995689875765
143,3,x_29,0.9999999701110157
144,4,x_29,0.9999999425411332
145,0,x_30,0.9999999810252453
146,1,x_30,1.0000000196096657
147,2,x_30,0.9999995842171566
148,3,x_30,1.0000000018524595
149,4,x_30,1.000000021634279
0,0,x_1,0.9999999936616164
1,1,x_1,0.9999999902237482
2,2,x_1,1.0000000376459426
3,3,x_1,0.999999985219678
4,4,x_1,0.9999999937824385
5,0,x_2,1.0000000150500992
6,1,x_2,0.9999999771017393
7,2,x_2,1.0000000166466978
8,3,x_2,1.0000000135846474
9,4,x_2,1.0000000297756635
10,0,x_3,0.9999999795731771
11,1,x_3,1.000000022669347
12,2,x_3,1.0000000120396044
13,3,x_3,0.9999999879111181
14,4,x_3,0.9999999771163758
15,0,x_4,0.9999999668668879
16,1,x_4,1.0000000058324612
17,2,x_4,0.9976297737110629
18,3,x_4,0.9999999921915463
19,4,x_4,1.0000000035638408
20,0,x_5,1.000000007698562
21,1,x_5,0.9999999985467932
22,2,x_5,1.0000000302270655
23,3,x_5,1.0000000178671349
24,4,x_5,0.9999999771251267
25,0,x_6,0.9999999909178864
26,1,x_6,0.9999999571564158
27,2,x_6,0.9999999770417113
28,3,x_6,0.9999999842901743
29,4,x_6,1.0000000068483812
30,0,x_7,0.9999999822818263
31,1,x_7,0.9999999709591799
32,2,x_7,1.0000000015405668
33,3,x_7,0.996552141549817
34,4,x_7,0.9999999699356702
35,0,x_8,0.9999999793929746
36,1,x_8,1.0000000076580553
37,2,x_8,0.9973582101370422
38,3,x_8,0.9999999767446925
39,4,x_8,0.9999999745748918
40,0,x_9,0.9999999582083796
41,1,x_9,1.0000000249869883
42,2,x_9,1.0000000005594973
43,3,x_9,1.000000051573324
44,4,x_9,1.0000000243841065
45,0,x_10,0.9999999634612466
46,1,x_10,0.9999999808209683
47,2,x_10,0.9999999756625921
48,3,x_10,0.9981549977660609
49,4,x_10,0.9999999950393361
50,0,x_11,0.9999999873866996
51,1,x_11,1.0000000065086159
52,2,x_11,1.0000000029922966
53,3,x_11,1.0000000150742405
54,4,x_11,0.9999999667956745
55,0,x_12,0.9999999800731292
56,1,x_12,1.0000000200498032
57,2,x_12,0.999999982013979
58,3,x_12,1.0000000116227552
59,4,x_12,1.0000000211389888
60,0,x_13,0.999999969104912
61,1,x_13,0.9999999780142168
62,2,x_13,0.9999999660910961
63,3,x_13,1.0000000140423213
64,4,x_13,0.9999999730345995
65,0,x_14,0.9999999929699436
66,1,x_14,0.9999999739856775
67,2,x_14,0.9999999730544344
68,3,x_14,0.9999999994053727
69,4,x_14,0.9999999917241655
70,0,x_15,0.9999999599095828
71,1,x_15,0.99999999242316
72,2,x_15,0.999999946986483
73,3,x_15,0.9977727554039576
74,4,x_15,1.0000000044475852
75,0,x_16,0.9999999946863596
76,1,x_16,1.0000000308223584
77,2,x_16,0.9999999969201283
78,3,x_16,0.9999999881752377
79,4,x_16,1.0000000217098413
80,0,x_17,1.0000000290605158
81,1,x_17,0.9999999905013458
82,2,x_17,0.9999999891039053
83,3,x_17,0.9999999675008999
84,4,x_17,0.9999999974691272
85,0,x_18,0.999999880166317
86,1,x_18,0.9999999633074943
87,2,x_18,0.9999999761497195
88,3,x_18,0.9999999721905473
89,4,x_18,1.0000000178201953
90,0,x_19,0.9999998482787911
91,1,x_19,0.9999999791053507
92,2,x_19,1.0000000203683783
93,3,x_19,0.999999968258161
94,4,x_19,1.0000000104264946
95,0,x_20,1.000000013035778
96,1,x_20,1.0000000332225731
97,2,x_20,1.0000000067238648
98,3,x_20,1.0000000262834177
99,4,x_20,0.999999979061611
100,0,x_21,1.0000000047067603
101,1,x_21,1.0000000023987907
102,2,x_21,1.0000000343543074
103,3,x_21,1.0000000132080566
104,4,x_21,1.000000016815045
105,0,x_22,0.9999999931648696
106,1,x_22,0.9999999812866525
107,2,x_22,1.0000000286674446
108,3,x_22,0.9999999926305658
109,4,x_22,1.0000000065286776
110,0,x_23,0.9999999630337625
111,1,x_23,1.0000000036445307
112,2,x_23,1.000000001844313
113,3,x_23,0.9999999847137319
114,4,x_23,0.9999999879942878
115,0,x_24,1.0000000158104916
116,1,x_24,0.9999999982943868
117,2,x_24,0.9999999909362874
118,3,x_24,0.9999999747943759
119,4,x_24,0.9999999842392326
120,0,x_25,0.9999999938920586
121,1,x_25,0.9999999999412155
122,2,x_25,1.0000000110301248
123,3,x_25,0.9999999558926439
124,4,x_25,0.9999999899294435
125,0,x_26,0.9999999937595515
126,1,x_26,0.9999999666822291
127,2,x_26,0.9999999914906873
128,3,x_26,1.00000003020755
129,4,x_26,1.0000000125968016
130,0,x_27,0.9999999704124289
131,1,x_27,0.9999999886524318
132,2,x_27,0.9999999825480536
133,3,x_27,0.9999999766653788
134,4,x_27,1.0000000461944278
135,0,x_28,1.0000000093814785
136,1,x_28,0.9999999958504618
137,2,x_28,0.9999998731723289
138,3,x_28,0.9999999706622615
139,4,x_28,1.0000000238160285
140,0,x_29,1.0000000159760614
141,1,x_29,1.0000000250879393
142,2,x_29,0.999999927575424
143,3,x_29,0.9999999840119385
144,4,x_29,0.9999999972173069
145,0,x_30,1.0000000278806682
146,1,x_30,1.000000007140986
147,2,x_30,1.000000022501355
148,3,x_30,0.9999999621869229
149,4,x_30,1.0000000159429192
0,0,x_1,0.9999999988178118
1,1,x_1,0.9999999826247779
2,2,x_1,1.0000000107052522
3,3,x_1,1.0000000200613621
4,4,x_1,0.9999999972982135
5,0,x_2,1.0000000467128178
6,1,x_2,1.000000007699332
7,2,x_2,1.0000000101685502
8,3,x_2,0.9999999978279576
9,4,x_2,0.9999999964328617
10,0,x_3,0.9999999819504317
11,1,x_3,0.9999999933437083
12,2,x_3,0.9999999680761174
13,3,x_3,1.000000010972319
14,4,x_3,0.9999999896936334
15,0,x_4,0.9999999830618418
16,1,x_4,0.9999999887199331
17,2,x_4,0.9999999868798158
18,3,x_4,1.0000000309289652
19,4,x_4,1.000000014497743
20,0,x_5,0.9999999894740955
21,1,x_5,0.9963435014221127
22,2,x_5,0.9999999836850566
23,3,x_5,0.9999999631296168
24,4,x_5,1.0000000141828962
25,0,x_6,0.9999999794373415
26,1,x_6,0.9999999484890311
27,2,x_6,0.9999999799161328
28,3,x_6,0.9999999630795059
29,4,x_6,1.0000000082117502
30,0,x_7,1.0000000097055999
31,1,x_7,0.9982513162774244
32,2,x_7,0.9999999962810313
33,3,x_7,0.99999996485383
34,4,x_7,0.999999997447549
35,0,x_8,1.0000000054954998
36,1,x_8,1.0000000026331353
37,2,x_8,0.9999999580982222
38,3,x_8,0.999999988939539
39,4,x_8,0.999999974722321
40,0,x_9,1.000000012624972
41,1,x_9,0.9978252541661442
42,2,x_9,0.9999999883730524
43,3,x_9,0.9984747656367008
44,4,x_9,0.9999999857925397
45,0,x_10,1.0000000415104695
46,1,x_10,0.9999999525987611
47,2,x_10,0.9999999767829848
48,3,x_10,0.9999999926564971
49,4,x_10,0.9999999930817922
50,0,x_11,0.9999999679928255
51,1,x_11,0.9999999714724311
52,2,x_11,0.9999999714715824
53,3,x_11,0.9999998793422518
54,4,x_11,0.9999999742562584
55,0,x_12,0.999999964832476
56,1,x_12,0.9999999943616714
57,2,x_12,0.9999999208278795
58,3,x_12,0.9999998980801408
59,4,x_12,1.0000000139145448
60,0,x_13,0.9999999996224299
61,1,x_13,0.9999999791867741
62,2,x_13,0.9999999838038786
63,3,x_13,0.9999999858345068
64,4,x_13,0.9999999818969779
65,0,x_14,0.999999965452483
66,1,x_14,0.9999999817308922
67,2,x_14,0.999999969809976
68,3,x_14,1.0000000257912036
69,4,x_14,1.0000000100600475
70,0,x_15,1.0000000061447332
71,1,x_15,0.9999999691414144
72,2,x_15,0.9999999799431251
73,3,x_15,0.9999999966054811
74,4,x_15,0.9999999813612523
75,0,x_16,1.000000016071745
76,1,x_16,0.9999999719862127
77,2,x_16,0.9999999742245399
78,3,x_16,0.9999999868056243
79,4,x_16,0.9999999716611297
80,0,x_17,0.9999999546579332
81,1,x_17,0.9999998256714346
82,2,x_17,1.0000000355490317
83,3,x_17,1.0000000119790071
84,4,x_17,0.9999999863876922
85,0,x_18,0.9999999889734814
86,1,x_18,0.9999997599856291
87,2,x_18,1.000000003913561
88,3,x_18,0.999999996424559
89,4,x_18,0.9999999981348938
90,0,x_19,1.0000000033809986
91,1,x_19,0.999999969796683
92,2,x_19,1.0000000159110998
93,3,x_19,0.999999979756632
94,4,x_19,0.9999999802413351
95,0,x_20,0.9999999781167856
96,1,x_20,0.999999970085727
97,2,x_20,1.0000000039283778
98,3,x_20,0.9999999596912365
99,4,x_20,1.0000000125939386
100,0,x_21,1.0000000164602312
101,1,x_21,0.9999999762045272
102,2,x_21,0.9999999838599368
103,3,x_21,0.999999986424282
104,4,x_21,1.0000000020201905
105,0,x_22,0.9986508513963614
106,1,x_22,0.9999999866308362
107,2,x_22,1.0000000227994081
108,3,x_22,0.998556318149013
109,4,x_22,0.9999999788255213
110,0,x_23,0.9999999863632827
111,1,x_23,0.9999999775261451
112,2,x_23,0.9999999645619131
113,3,x_23,0.9999999846271636
114,4,x_23,1.0000000084233829
115,0,x_24,0.9999999995094505
116,1,x_24,1.0000000058293865
117,2,x_24,1.0000000073683732
118,3,x_24,0.9999999032935284
119,4,x_24,0.9999999601084486
120,0,x_25,0.9999999836344652
121,1,x_25,0.9999999664770017
122,2,x_25,0.9999999975754124
123,3,x_25,0.9999999549589011
124,4,x_25,0.9999999580792119
125,0,x_26,0.9999999985465615
126,1,x_26,0.9999999564101597
127,2,x_26,1.0000000031229368
128,3,x_26,0.9999999532517221
129,4,x_26,0.9999999863923215
130,0,x_27,1.0000000421578592
131,1,x_27,0.9999999473254662
132,2,x_27,0.999999994083162
133,3,x_27,1.0000000093153938
134,4,x_27,0.9999999864047886
135,0,x_28,1.0000000064964911
136,1,x_28,0.9999999809487866
137,2,x_28,0.9999999906762915
138,3,x_28,0.9999998938204793
139,4,x_28,0.9999999836816539
140,0,x_29,0.9999999755496992
141,1,x_29,0.9999999815250125
142,2,x_29,0.9999999343430521
143,3,x_29,0.9999999047683726
144,4,x_29,0.9999999911649213
145,0,x_30,0.9999999988191629
146,1,x_30,0.9999999895664379
147,2,x_30,0.9999999749035823
148,3,x_30,0.9999999916063894
149,4,x_30,1.0000000060837286
0,0,x_1,1.000000008264662
1,1,x_1,1.0000000234027326
2,2,x_1,0.9999999971606001
3,3,x_1,0.9999999663450279
4,4,x_1,0.99999998977347
5,0,x_2,0.9999999808884082
6,1,x_2,0.9999999895583335
7,2,x_2,0.9999999757526808
8,3,x_2,1.000000008095504
9,4,x_2,0.999999991082997
10,0,x_3,1.000000006606342
11,1,x_3,0.9999999910381774
12,2,x_3,0.9999999866455029
13,3,x_3,1.0000000079906741
14,4,x_3,0.9999999999914497
15,0,x_4,0.9999999759476212
16,1,x_4,1.0000000082690035
17,2,x_4,0.9999999678052233
18,3,x_4,0.9999999915475989
19,4,x_4,0.9999999780673396
20,0,x_5,1.0000000011295536
21,1,x_5,0.9999999165160927
22,2,x_5,0.9999999960674044
23,3,x_5,1.0000000211677396
24,4,x_5,1.0000000344135533
25,0,x_6,1.0000000084931122
26,1,x_6,1.0000000036601413
27,2,x_6,1.0000000079557454
28,3,x_6,0.9999999799826126
29,4,x_6,1.0000000254891481
30,0,x_7,0.9999999940164878
31,1,x_7,1.0000000004562246
32,2,x_7,1.000000020132394
33,3,x_7,1.0000000063220162
34,4,x_7,1.0000000090410865
35,0,x_8,1.000000017339995
36,1,x_8,0.9999999733439561
37,2,x_8,0.9999999454709609
38,3,x_8,1.000000002832105
39,4,x_8,1.0000000098633444
40,0,x_9,1.0000000125745518
41,1,x_9,1.0000000000925742
42,2,x_9,0.9970972390837219
43,3,x_9,0.999999987620484
44,4,x_9,0.9999999871650638
45,0,x_10,0.999999983069396
46,1,x_10,0.9999999264578071
47,2,x_10,1.000000012270084
48,3,x_10,1.0000000080011702
49,4,x_10,0.9999999503888781
50,0,x_11,1.0000000230089574
51,1,x_11,1.0000000076309357
52,2,x_11,0.99999996520562
53,3,x_11,0.9999999915025498
54,4,x_11,0.9999999931952803
55,0,x_12,1.00000001754081
56,1,x_12,0.9999999881831333
57,2,x_12,0.9999999688235149
58,3,x_12,0.9999999854241794
59,4,x_12,0.9999999931978455
60,0,x_13,0.9999999993707082
61,1,x_13,0.9999999959070944
62,2,x_13,0.9999999553462674
63,3,x_13,0.9999999665153434
64,4,x_13,0.9999999636122328
65,0,x_14,0.9999999657075413
66,1,x_14,0.9999999880557209
67,2,x_14,0.9999999944814881
68,3,x_14,1.000000008468168
69,4,x_14,0.9999999893906342
70,0,x_15,1.000000007174336
71,1,x_15,0.9999999843982285
72,2,x_15,0.9999999629190909
73,3,x_15,1.0000000147307586
74,4,x_15,0.9999999793435591
75,0,x_16,1.0000000015650365
76,1,x_16,0.9999999856013371
77,2,x_16,0.9999999932022385
78,3,x_16,0.998370134025692
79,4,x_16,1.0000000027400175
80,0,x_17,1.0000000119798433
81,1,x_17,1.0000000365232438
82,2,x_17,1.0000000037184824
83,3,x_17,0.9999999995771506
84,4,x_17,0.9999999956918739
85,0,x_18,1.000000008052634
86,1,x_18,0.999999985019854
87,2,x_18,0.9999999800196905
88,3,x_18,1.000000007961461
89,4,x_18,0.9999999854436512
90,0,x_19,0.9999999659246992
91,1,x_19,1.000000007954003
92,2,x_19,0.9999999932342312
93,3,x_19,1.0000000077479012
94,4,x_19,0.9999999613812997
95,0,x_20,0.9999999910943548
96,1,x_20,1.0000000080812972
97,2,x_20,0.9999999775228638
98,3,x_20,0.9999999899961184
99,4,x_20,0.9999999962926008
100,0,x_21,0.9999999633973042
101,1,x_21,0.999999987758113
102,2,x_21,0.9999999676374487
103,3,x_21,1.000000019960574
104,4,x_21,1.000000006863091
105,0,x_22,1.0000000105938025
106,1,x_22,0.9999999563298126
107,2,x_22,1.0000000060165555
108,3,x_22,0.9999999608958686
109,4,x_22,0.999999993011772
110,0,x_23,1.0000000243399871
111,1,x_23,0.9999999667495746
112,2,x_23,0.9999999776852639
113,3,x_23,0.9999999664038483
114,4,x_23,1.0000000289635478
115,0,x_24,1.0000000324203753
116,1,x_24,0.9999999770406607
117,2,x_24,0.9999999984980439
118,3,x_24,0.9999999842090473
119,4,x_24,0.9999999789989531
120,0,x_25,0.999999987972669
121,1,x_25,1.0000000321164562
122,2,x_25,0.999999983146402
123,3,x_25,1.000000012635295
124,4,x_25,1.000000023126925
125,0,x_26,0.9999999850941779
126,1,x_26,0.9999999677023312
127,2,x_26,1.0000000363736983
128,3,x_26,1.0000000041722334
129,4,x_26,0.9999999840404548
130,0,x_27,1.0000000018538422
131,1,x_27,0.9999999875021
132,2,x_27,1.0000000147478316
133,3,x_27,0.9999999779805896
134,4,x_27,0.9999999918691428
135,0,x_28,1.0000000124504311
136,1,x_28,1.0000000175973942
137,2,x_28,1.0000000068675416
138,3,x_28,0.9999999768543854
139,4,x_28,0.9999999917230086
140,0,x_29,0.9999999785815964
141,1,x_29,0.9999999943579054
142,2,x_29,0.9999999603748254
143,3,x_29,0.9999999707567971
144,4,x_29,0.9999999410722293
145,0,x_30,1.00000001089098
146,1,x_30,1.000000001680221
147,2,x_30,0.9999999680868367
148,3,x_30,1.0000000095948844
149,4,x_30,1.000000001989607
0,0,x_1,0.9999999774526769
1,1,x_1,0.9999999798597409
2,2,x_1,1.0000000087574281
3,3,x_1,0.9999999864383857
4,4,x_1,0.9999999863183368
5,0,x_2,0.9999999878922634
6,1,x_2,0.9999999941353332
7,2,x_2,1.0000000210917597
8,3,x_2,1.0000000127420896
9,4,x_2,0.9999999821297365
10,0,x_3,0.9999999844399886
11,1,x_3,0.9999999965242579
12,2,x_3,0.999999985100201
13,3,x_3,0.9999999940892648
14,4,x_3,0.9999999944573998
15,0,x_4,0.9999999712759554
16,1,x_4,1.0000000014931274
17,2,x_4,0.9999999734266986
18,3,x_4,0.9999999839795067
19,4,x_4,0.9999999957764835
20,0,x_5,1.000000014861228
21,1,x_5,1.0000000069018724
22,2,x_5,0.9999998877720458
23,3,x_5,0.9999999421260118
24,4,x_5,0.9999999756264614
25,0,x_6,0.9999999984940039
26,1,x_6,1.000000035951596
27,2,x_6,0.9999999847733932
28,3,x_6,0.9999999790837216
29,4,x_6,0.9999999835150594
30,0,x_7,1.000000020239096
31,1,x_7,0.9999999787831214
32,2,x_7,1.000000016193087
33,3,x_7,1.0000000042429054
34,4,x_7,0.9999999968429969
35,0,x_8,0.9999999807563422
36,1,x_8,0.9999999896759235
37,2,x_8,1.000000002200878
38,3,x_8,0.9999999605134348
39,4,x_8,0.999999988624034
40,0,x_9,1.0000000116994512
41,1,x_9,0.9999999754275803
42,2,x_9,0.9999999868501787
43,3,x_9,0.999999994620828
44,4,x_9,1.000000016190971
45,0,x_10,1.0000000137047151
46,1,x_10,0.9999998862475069
47,2,x_10,1.0000000033734349
48,3,x_10,1.0000000334565933
49,4,x_10,1.0000000065832697
50,0,x_11,0.9999999562842672
51,1,x_11,0.9999999843346766
52,2,x_11,1.0000000233463204
53,3,x_11,0.9999999904687333
54,4,x_11,0.9999999611126774
55,0,x_12,0.9999999941313159
56,1,x_12,0.9999999743687984
57,2,x_12,1.0000000145528414
58,3,x_12,0.9999999971035312
59,4,x_12,1.0000000129000768
60,0,x_13,1.0000000273910659
61,1,x_13,0.9999998434581809
62,2,x_13,0.9999999997066532
63,3,x_13,0.9999999813378174
64,4,x_13,0.9999999691359468
65,0,x_14,1.0000000039032535
66,1,x_14,0.999999913017904
67,2,x_14,0.9999999894114735
68,3,x_14,1.0000000234244089
69,4,x_14,1.0000000087899825
70,0,x_15,1.0000000142886627
71,1,x_15,0.9999999960603805
72,2,x_15,1.0000000035046979
73,3,x_15,0.9983637276295588
74,4,x_15,0.9999999665871693
75,0,x_16,0.9999999589505459
76,1,x_16,0.9982539265208505
77,2,x_16,1.0000000465160388
78,3,x_16,1.0000000204154924
79,4,x_16,0.9999999771658927
80,0,x_17,0.9999999368151674
81,1,x_17,1.0000000016805404
82,2,x_17,0.999999982890147
83,3,x_17,1.0000000124389583
84,4,x_17,0.9999999559796596
85,0,x_18,0.9999999962914978
86,1,x_18,1.0000000084964005
87,2,x_18,1.000000014233442
88,3,x_18,1.0000000247560268
89,4,x_18,1.0000000167462582
90,0,x_19,0.9999999954683567
91,1,x_19,0.9999999755695476
92,2,x_19,0.9999999780172597
93,3,x_19,1.000000000081733
94,4,x_19,0.9999999932514928
95,0,x_20,0.9999999805206017
96,1,x_20,1.0000000051758535
97,2,x_20,1.0000000491001748
98,3,x_20,0.999999972607615
99,4,x_20,0.9999999823873191
100,0,x_21,0.999999999731764
101,1,x_21,1.0000000123679258
102,2,x_21,0.999999983776892
103,3,x_21,1.0000000197721899
104,4,x_21,0.9999999868300837
105,0,x_22,0.9999999635226429
106,1,x_22,0.9999999626797399
107,2,x_22,1.0000000091910992
108,3,x_22,0.9999999708186296
109,4,x_22,0.9999999813866669
110,0,x_23,1.0000000300884977
111,1,x_23,0.9999999728245376
112,2,x_23,0.9999999727014406
113,3,x_23,0.9999999847959018
114,4,x_23,1.0000000128039548
115,0,x_24,0.9999999561472906
116,1,x_24,0.9999999795075658
117,2,x_24,1.000000028788873
118,3,x_24,0.9999999908671249
119,4,x_24,1.000000019588726
120,0,x_25,0.9999999847449431
121,1,x_25,0.9999999946906598
122,2,x_25,0.9999999756993335
123,3,x_25,0.9999999965474753
124,4,x_25,0.9999999623682281
125,0,x_26,0.999999967188247
126,1,x_26,0.9999999905018352
127,2,x_26,1.0000000131749385
128,3,x_26,0.9999999969133286
129,4,x_26,0.9999999598357077
130,0,x_27,0.9999999946190372
131,1,x_27,0.9999999968708801
132,2,x_27,0.9999999975405617
133,3,x_27,0.9999999953221387
134,4,x_27,1.0000000092554906
135,0,x_28,1.0000000033245007
136,1,x_28,0.9999999858276064
137,2,x_28,0.999999995284518
138,3,x_28,0.9999999938258555
139,4,x_28,1.0000000078874824
140,0,x_29,1.0000000036272585
141,1,x_29,0.9999999995478508
142,2,x_29,1.0000000263430362
143,3,x_29,0.9999999974412949
144,4,x_29,0.9999999945919138
145,0,x_30,0.9999999767691328
146,1,x_30,0.9999999746679056
147,2,x_30,0.9999998719862194
148,3,x_30,1.000000003472664
149,4,x_30,0.9999999756641509
0,0,x_1,0.9999999801746737
1,1,x_1,1.0000000045231114
2,2,x_1,0.9999999598609254
3,3,x_1,1.0000000322491571
4,4,x_1,1.0000000188795035
5,0,x_2,1.0000000087745957
6,1,x_2,1.0000000187391007
7,2,x_2,0.9999999571346555
8,3,x_2,1.00000000537818
9,4,x_2,0.9999999690893805
10,0,x_3,1.000000007046305
11,1,x_3,0.9999999931446125
12,2,x_3,1.0000000090056882
13,3,x_3,0.9999999857332964
14,4,x_3,1.0000000052682616
15,0,x_4,0.999999986078325
16,1,x_4,0.9999999894440211
17,2,x_4,0.9999999633982481
18,3,x_4,1.0000000060002499
19,4,x_4,1.000000029386989
20,0,x_5,0.999999977713175
21,1,x_5,0.9999999483013373
22,2,x_5,1.0000000247821372
23,3,x_5,0.9999999928819745
24,4,x_5,0.999999961361799
25,0,x_6,0.9999999927784518
26,1,x_6,0.9999999775481371
27,2,x_6,0.9999999943638825
28,3,x_6,0.9999999769336821
29,4,x_6,1.0000000155234505
30,0,x_7,0.9983076491718766
31,1,x_7,0.999999996734304
32,2,x_7,1.0000000018615927
33,3,x_7,0.9999999837159812
34,4,x_7,1.0000000338083033
35,0,x_8,0.9960822790142484
36,1,x_8,0.9999999106648154
37,2,x_8,0.9999999970769594
38,3,x_8,1.0000000286860509
39,4,x_8,0.999999943715551
40,0,x_9,0.9976406513817956
41,1,x_9,0.9999999274596039
42,2,x_9,0.9999999788183505
43,3,x_9,1.0000000108901566
44,4,x_9,0.9999999363344982
45,0,x_10,1.0000000062176255
46,1,x_10,0.9999999907141196
47,2,x_10,1.0000000274987761
48,3,x_10,1.0000000361117927
49,4,x_10,0.9999999708051481
50,0,x_11,0.9999999601522636
51,1,x_11,0.9999999893286862
52,2,x_11,1.0000000022578222
53,3,x_11,1.0000000012883303
54,4,x_11,0.9999999832173724
55,0,x_12,1.0000000096257873
56,1,x_12,0.9999999311628537
57,2,x_12,0.9999999405488628
58,3,x_12,0.9999999668940415
59,4,x_12,0.9972272948745825
60,0,x_13,1.0000000077137727
61,1,x_13,0.999999923463408
62,2,x_13,0.9970980251075264
63,3,x_13,0.9999999920092709
64,4,x_13,0.9978288747162576
65,0,x_14,1.0000000031749854
66,1,x_14,1.0000000288581783
67,2,x_14,0.9999999914567492
68,3,x_14,0.9979709954449737
69,4,x_14,0.999999994992428
70,0,x_15,1.0000000060030496
71,1,x_15,0.999999957292781
72,2,x_15,0.9999999771505116
73,3,x_15,0.9999999953169604
74,4,x_15,1.0000000193637582
75,0,x_16,0.9999998670878973
76,1,x_16,0.9999999892228223
77,2,x_16,0.9999999878331736
78,3,x_16,0.9999999558146508
79,4,x_16,1.0000000087735557
80,0,x_17,0.9999998433008997
81,1,x_17,0.9999999822068413
82,2,x_17,0.9999999689210027
83,3,x_17,0.9999999520054554
84,4,x_17,0.999999811747588
85,0,x_18,1.000000002188017
86,1,x_18,0.9999999578839772
87,2,x_18,1.0000000037110859
88,3,x_18,0.9999999584063002
89,4,x_18,0.9999994624815376
90,0,x_19,0.9999999197603768
91,1,x_19,0.9999999471778795
92,2,x_19,1.000000002486731
93,3,x_19,0.9999999753997378
94,4,x_19,0.9999972381726803
95,0,x_20,0.9999999298293695
96,1,x_20,1.000000009042388
97,2,x_20,0.9999999744025747
98,3,x_20,1.000000007695721
99,4,x_20,0.9999971448693143
100,0,x_21,0.9999999953590124
101,1,x_21,0.9999999601472691
102,2,x_21,1.0000000098240922
103,3,x_21,1.0000000055038056
104,4,x_21,0.9999999733539257
105,0,x_22,0.9999999877635216
106,1,x_22,0.9999999742373605
107,2,x_22,0.9999999968701277
108,3,x_22,0.9999999838604152
109,4,x_22,0.9999984473525179
110,0,x_23,1.0000000347563285
111,1,x_23,0.9999998267413727
112,2,x_23,0.9999999622096122
113,3,x_23,1.0000000270719043
114,4,x_23,0.9999975525441419
115,0,x_24,0.9978551815766558
116,1,x_24,0.9999999964237103
117,2,x_24,0.9999999727697996
118,3,x_24,0.9999999925639489
119,4,x_24,0.9999999720321302
120,0,x_25,0.9999999867708126
121,1,x_25,1.0000000100042987
122,2,x_25,0.9999999703113385
123,3,x_25,0.9999999512759328
124,4,x_25,0.9999999533169425
125,0,x_26,1.0000000190549443
126,1,x_26,0.9999999861768715
127,2,x_26,0.9999999728797229
128,3,x_26,1.0000000333875367
129,4,x_26,1.0000000071919555
130,0,x_27,1.0000000020353403
131,1,x_27,0.9999999782003877
132,2,x_27,0.9999999673104891
133,3,x_27,0.9999999939545575
134,4,x_27,0.9999999423701087
135,0,x_28,0.9999997557677706
136,1,x_28,0.9999999726920606
137,2,x_28,1.000000038654825
138,3,x_28,0.9999999804430633
139,4,x_28,0.999999972064723
140,0,x_29,0.9999998249270594
141,1,x_29,0.9999999564037727
142,2,x_29,0.9970591788319171
143,3,x_29,1.000000012716943
144,4,x_29,0.9999999912711687
145,0,x_30,0.9999999765029398
146,1,x_30,1.0000000124009614
147,2,x_30,0.9999998969847316
148,3,x_30,0.9999999971187106
149,4,x_30,0.9999999882577298
0,0,x_1,0.9999999758160732
1,1,x_1,0.9999999540783885
2,2,x_1,0.9999999944161269
3,3,x_1,1.0000000239926887
4,4,x_1,0.9999999817336267
5,0,x_2,1.0000000554568171
6,1,x_2,0.9999999954722727
7,2,x_2,0.9999999921584484
8,3,x_2,0.9999999801291194
9,4,x_2,0.9999999213477541
10,0,x_3,0.9999999747302314
11,1,x_3,0.9999999510560259
12,2,x_3,1.000000018208488
13,3,x_3,1.0000000076399207
14,4,x_3,0.999999930347398
15,0,x_4,1.0000000408771286
16,1,x_4,1.000000007285625
17,2,x_4,0.999999974252871
18,3,x_4,1.0000000250505934
19,4,x_4,0.9999998973051806
20,0,x_5,1.00000000660878
21,1,x_5,1.0000000094843824
22,2,x_5,0.9999999777260741
23,3,x_5,1.000000024040855
24,4,x_5,0.9999999928871998
25,0,x_6,0.9999999976169466
26,1,x_6,1.0000000247229017
27,2,x_6,1.0000000034404213
28,3,x_6,1.0000000220861722
29,4,x_6,0.9999999642342017
30,0,x_7,0.9999999815795054
31,1,x_7,1.0000000020413697
32,2,x_7,0.9999999843861084
33,3,x_7,0.9999999744677576
34,4,x_7,0.9999999456286757
35,0,x_8,0.9999999920756606
36,1,x_8,1.0000000177048292
37,2,x_8,0.999999995551808
38,3,x_8,1.0000000352160756
39,4,x_8,0.9999999509539583
40,0,x_9,1.0000000234860171
41,1,x_9,0.9999999939854398
42,2,x_9,0.9999999986874946
43,3,x_9,1.0000000136748013
44,4,x_9,0.999999947386773
45,0,x_10,1.0000000033931293
46,1,x_10,0.9999999830390645
47,2,x_10,1.0000000140177117
48,3,x_10,0.9999999704887557
49,4,x_10,0.9999999469699467
50,0,x_11,0.9999999529930403
51,1,x_11,0.999999954201142
52,2,x_11,1.0000000042590103
53,3,x_11,0.999999974374426
54,4,x_11,0.9999999023503168
55,0,x_12,1.0000000025633544
56,1,x_12,1.0000000330460865
57,2,x_12,1.0000000102747741
58,3,x_12,0.9999999658176574
59,4,x_12,0.9999996017793218
60,0,x_13,0.9999999706214879
61,1,x_13,0.9999999921093321
62,2,x_13,0.9999999960192161
63,3,x_13,0.9999999828277866
64,4,x_13,0.9999999462602362
65,0,x_14,0.9999999729169443
66,1,x_14,0.9999999845851644
67,2,x_14,0.9999999812608262
68,3,x_14,0.9999999968107902
69,4,x_14,0.999999831643636
70,0,x_15,0.9999999888911812
71,1,x_15,0.9999999975594467
72,2,x_15,1.0000000058089418
73,3,x_15,0.9999999746445825
74,4,x_15,0.9999999613189009
75,0,x_16,1.0000000015965638
76,1,x_16,0.9999999556490701
77,2,x_16,0.9999999735618423
78,3,x_16,1.0000000140154321
79,4,x_16,0.9999999743496826
80,0,x_17,0.9999999674222675
81,1,x_17,1.0000000398123536
82,2,x_17,0.9999999778283588
83,3,x_17,0.9999999632041537
84,4,x_17,0.9999995396370014
85,0,x_18,0.9999999689091514
86,1,x_18,0.9999999842109237
87,2,x_18,0.9999999545763192
88,3,x_18,1.0000000026495006
89,4,x_18,0.9999982218621482
90,0,x_19,0.9999999626203543
91,1,x_19,1.000000008719995
92,2,x_19,1.000000019116693
93,3,x_19,1.00000001945157
94,4,x_19,0.9999999875127924
95,0,x_20,0.9999999890472862
96,1,x_20,1.0000000180186488
97,2,x_20,0.9999999741881408
98,3,x_20,1.0000000386607324
99,4,x_20,0.9999999997421012
100,0,x_21,0.9999999818798684
101,1,x_21,0.9999998377299294
102,2,x_21,0.9999999633909875
103,3,x_21,1.0000000284331492
104,4,x_21,0.9999998564364856
105,0,x_22,1.0000000038768302
106,1,x_22,0.9999997768858093
107,2,x_22,0.9999999805703501
108,3,x_22,1.0000000126885462
109,4,x_22,0.9999997633943745
110,0,x_23,0.9999999890344351
111,1,x_23,0.9999999755660202
112,2,x_23,0.9999999417321351
113,3,x_23,1.000000000457674
114,4,x_23,0.9999996534169564
115,0,x_24,0.9999999878665626
116,1,x_24,0.9999999903933584
117,2,x_24,0.9999999469858084
118,3,x_24,1.0000000084541436
119,4,x_24,0.999999715592837
120,0,x_25,1.0000000258418797
121,1,x_25,1.000000004227547
122,2,x_25,0.9999999809234282
123,3,x_25,1.000000006495056
124,4,x_25,0.9999993823302035
125,0,x_26,0.9999999935418111
126,1,x_26,0.9999999546202246
127,2,x_26,0.9999999544576075
128,3,x_26,0.9984953546456908
129,4,x_26,0.9999999616209839
130,0,x_27,1.0000000056460259
131,1,x_27,0.999999998648662
132,2,x_27,0.9999999711187333
133,3,x_27,0.99999999949912
134,4,x_27,0.9999999323032339
135,0,x_28,1.0000000022872448
136,1,x_28,0.9999999871172899
137,2,x_28,1.0000000097998163
138,3,x_28,0.9999999967443772
139,4,x_28,0.9999994242421156
140,0,x_29,1.0000000017130048
141,1,x_29,1.0000000361125787
142,2,x_29,0.9999999935796066
143,3,x_29,0.9999999848757967
144,4,x_29,0.9999770348935174
145,0,x_30,0.9999999913334562
146,1,x_30,0.9999999722183261
147,2,x_30,0.9999999777706656
148,3,x_30,1.000000039174083
149,4,x_30,0.9999032082527544
0,0,x_1,0.9999999786199892
1,1,x_1,0.999999979415402
2,2,x_1,0.9999999917215033
3,3,x_1,1.0000000119955643
4,4,x_1,1.0000000218986265
5,0,x_2,1.0000000249415053
6,1,x_2,1.0000000028147906
7,2,x_2,1.0000000005163878
8,3,x_2,0.9999999978093097
9,4,x_2,0.9999999859654156
10,0,x_3,0.998178023218299
11,1,x_3,0.9999999837857595
12,2,x_3,1.0000000322603664
13,3,x_3,0.9999999532821561
14,4,x_3,0.9835976935719926
15,0,x_4,0.9999999919200975
16,1,x_4,0.9950077011500732
17,2,x_4,0.999999996045363
18,3,x_4,0.9999999936110773
19,4,x_4,0.999999976343101
20,0,x_5,0.9999999864632528
21,1,x_5,0.9999999609941305
22,2,x_5,1.0000000017080006
23,3,x_5,0.9978790609186473
24,4,x_5,0.9967292207450402
25,0,x_6,0.9947580773581518
26,1,x_6,0.9980289568363736
27,2,x_6,0.9999999479337602
28,3,x_6,0.9999999904629231
29,4,x_6,0.9999999952052828
30,0,x_7,0.9999999947850435
31,1,x_7,1.000000023500373
32,2,x_7,0.9986037927787886
33,3,x_7,0.9999999905832888
34,4,x_7,1.0000000384999514
35,0,x_8,0.9999999677611329
36,1,x_8,1.0000000069162083
37,2,x_8,0.9999999736916096
38,3,x_8,1.000000014275173
39,4,x_8,0.9999999884999649
40,0,x_9,0.9999999981446502
41,1,x_9,1.0000000083427607
42,2,x_9,1.0000000164900893
43,3,x_9,0.9999999938398804
44,4,x_9,1.0000000475202575
45,0,x_10,0.9999999837788506
46,1,x_10,0.9999999692181591
47,2,x_10,0.999999967747743
48,3,x_10,1.0000000065276975
49,4,x_10,1.0000000224714105
50,0,x_11,1.0000000208950577
51,1,x_11,1.0000000265672173
52,2,x_11,1.0000000056433582
53,3,x_11,1.000000002229193
54,4,x_11,1.0000000068987935
55,0,x_12,1.0000000071366486
56,1,x_12,1.0000000100339828
57,2,x_12,0.9967955198185762
58,3,x_12,0.9999999922183707
59,4,x_12,0.9999999817321945
60,0,x_13,0.998851124769839
61,1,x_13,0.9999999670195676
62,2,x_13,0.999999952286752
63,3,x_13,0.9999999702503167
64,4,x_13,0.9999999832174429
65,0,x_14,0.9989305572309629
66,1,x_14,1.0000000074083506
67,2,x_14,0.9999999524957723
68,3,x_14,0.9999999947142079
69,4,x_14,1.0000000338844544
70,0,x_15,1.0000000193327725
71,1,x_15,0.9967916966073306
72,2,x_15,0.9999998725631948
73,3,x_15,1.0000000021589235
74,4,x_15,0.9999999619115508
75,0,x_16,0.9999999807135531
76,1,x_16,1.0000000013200583
77,2,x_16,0.9999999593078196
78,3,x_16,1.0000000382121
79,4,x_16,0.9999999822605441
80,0,x_17,1.0000000307395118
81,1,x_17,0.9999999726393541
82,2,x_17,1.00000003085473
83,3,x_17,1.0000000104565272
84,4,x_17,0.99999998304532
85,0,x_18,1.0000000032467433
86,1,x_18,0.9999999901237681
87,2,x_18,0.9999999970143332
88,3,x_18,0.9999999998381986
89,4,x_18,0.9999999550890307
90,0,x_19,0.9999999847512584
91,1,x_19,0.9999999349465485
92,2,x_19,0.9999999211809867
93,3,x_19,1.000000029729028
94,4,x_19,1.000000001859385
95,0,x_20,0.9987307694849699
96,1,x_20,0.9986180457398427
97,2,x_20,0.9999999318200993
98,3,x_20,1.000000041557726
99,4,x_20,1.0000000176234345
100,0,x_21,1.0000000028366773
101,1,x_21,0.9999999901942038
102,2,x_21,0.9999999978391934
103,3,x_21,1.0000000293933164
104,4,x_21,0.9999999601131744
105,0,x_22,0.9985569116942267
106,1,x_22,1.0000000220266523
107,2,x_22,0.9999999785667822
108,3,x_22,0.9999999916639197
109,4,x_22,1.0000000004395122
110,0,x_23,0.9999999848667069
111,1,x_23,1.0000000293211964
112,2,x_23,0.999999957616919
113,3,x_23,1.0000000010566172
114,4,x_23,0.9999999900837458
115,0,x_24,1.0000000013824681
116,1,x_24,0.9999999917815148
117,2,x_24,0.9999999468064873
118,3,x_24,0.9956012359751371
119,4,x_24,0.9999999276970559
120,0,x_25,0.9999999495556481
121,1,x_25,0.9999999513970868
122,2,x_25,0.9999999546145215
123,3,x_25,1.000000010451047
124,4,x_25,0.9999999525746192
125,0,x_26,1.0000000068745125
126,1,x_26,0.9999999884670898
127,2,x_26,0.9999999851325727
128,3,x_26,0.9999996076930467
129,4,x_26,1.0000000053505242
130,0,x_27,0.9989911250764176
131,1,x_27,0.9999999615948232
132,2,x_27,0.9999999880473726
133,3,x_27,0.9999996513742222
134,4,x_27,1.0000000128375353
135,0,x_28,0.9999999470445167
136,1,x_28,1.0000000173946895
137,2,x_28,0.9999999938290767
138,3,x_28,0.9999999973556774
139,4,x_28,0.9999999528854816
140,0,x_29,0.9999999981461437
141,1,x_29,0.9999999669913852
142,2,x_29,0.9999999915643261
143,3,x_29,1.000000010910322
144,4,x_29,0.9999999636163355
145,0,x_30,0.9999999650581105
146,1,x_30,0.9999999389337936
147,2,x_30,0.9999999472660797
148,3,x_30,0.9999997235628407
149,4,x_30,0.9999999830018864
0,0,x_1,0.9999999877224927
1,1,x_1,1.0000000395071604
2,2,x_1,0.9999999654371936
3,3,x_1,0.9999999722305954
4,4,x_1,0.9999999969935954
5,0,x_2,0.9999999629503632
6,1,x_2,0.999999999250859
7,2,x_2,0.9999999936719367
8,3,x_2,1.0000000164215022
9,4,x_2,1.000000014116197
10,0,x_3,0.9977750020473359
11,1,x_3,0.9999999887929253
12,2,x_3,0.9999999739050338
13,3,x_3,0.9999999941426784
14,4,x_3,0.9999999913307708
15,0,x_4,0.9999974312371981
16,1,x_4,0.9999999840887183
17,2,x_4,0.9970338602635916
18,3,x_4,0.9999999997691039
19,4,x_4,1.0000000063885635
20,0,x_5,0.9999999901827422
21,1,x_5,0.9999999834452685
22,2,x_5,0.9999999692340124
23,3,x_5,0.9999999877046336
24,4,x_5,1.0000000346768254
25,0,x_6,0.9999999870110973
26,1,x_6,0.9999999597353101
27,2,x_6,1.0000000003022327
28,3,x_6,0.9999999944583747
29,4,x_6,1.0000000030281115
30,0,x_7,1.0000000141929228
31,1,x_7,1.0000000005851493
32,2,x_7,0.99999996498199
33,3,x_7,1.000000015261062
34,4,x_7,1.0000000023482885
35,0,x_8,0.9999999721915918
36,1,x_8,0.9999999937858632
37,2,x_8,0.999999984036903
38,3,x_8,0.9999999791531397
39,4,x_8,0.9999999915480753
40,0,x_9,0.9999999257471689
41,1,x_9,0.9999998962323465
42,2,x_9,0.9999999890643235
43,3,x_9,0.9999999440757814
44,4,x_9,0.9999999800027048
45,0,x_10,0.9999999374771626
46,1,x_10,0.9999999310594166
47,2,x_10,0.9999999777945998
48,3,x_10,1.000000043658188
49,4,x_10,1.000000032485613
50,0,x_11,0.9999999821379544
51,1,x_11,1.0000000025477838
52,2,x_11,0.9999999703721533
53,3,x_11,0.9999999648243578
54,4,x_11,0.9999999792150296
55,0,x_12,1.000000008292088
56,1,x_12,0.9999999759345963
57,2,x_12,0.999999999779187
58,3,x_12,1.000000001670155
59,4,x_12,1.0000000053820082
60,0,x_13,1.000000009537148
61,1,x_13,0.9999999749426777
62,2,x_13,1.0000000017433581
63,3,x_13,0.9999999839814784
64,4,x_13,1.0000000125884663
65,0,x_14,1.0000000103559674
66,1,x_14,1.0000000073334443
67,2,x_14,1.0000000128530666
68,3,x_14,0.999999956802542
69,4,x_14,0.9999999981981798
70,0,x_15,0.9999999833876435
71,1,x_15,0.9999999848000612
72,2,x_15,0.9999999769548368
73,3,x_15,0.9999999958417298
74,4,x_15,0.9999999906177144
75,0,x_16,0.9999999945042446
76,1,x_16,0.9999999872808317
77,2,x_16,1.0000000342945472
78,3,x_16,0.9999999743661251
79,4,x_16,0.999999976570306
80,0,x_17,0.9999999812367928
81,1,x_17,1.000000004759035
82,2,x_17,0.9999999722782182
83,3,x_17,1.0000000110061806
84,4,x_17,0.9999999827156993
85,0,x_18,1.0000000188618683
86,1,x_18,0.9999999826301563
87,2,x_18,0.9999999748213543
88,3,x_18,0.9987656624111519
89,4,x_18,0.9999999812760381
90,0,x_19,0.9999999786661788
91,1,x_19,0.9999999675059218
92,2,x_19,1.0000000099940856
93,3,x_19,0.9999999987163577
94,4,x_19,1.0000000124163415
95,0,x_20,1.0000000081231983
96,1,x_20,0.999999993429366
97,2,x_20,1.0000000060936511
98,3,x_20,1.0000000039252226
99,4,x_20,1.00000000008623
100,0,x_21,1.0000000237717879
101,1,x_21,1.0000000302767416
102,2,x_21,1.0000000084942793
103,3,x_21,0.999999971136461
104,4,x_21,0.9999999724135198
105,0,x_22,1.000000027166455
106,1,x_22,0.9999999684514056
107,2,x_22,0.9986261533776416
108,3,x_22,1.0000000123395447
109,4,x_22,1.0000000226660826
110,0,x_23,0.9978971299999423
111,1,x_23,1.0000000053226583
112,2,x_23,1.0000000075062379
113,3,x_23,1.0000000027508449
114,4,x_23,1.0000000033253649
115,0,x_24,1.0000000085428635
116,1,x_24,1.0000000137656508
117,2,x_24,0.9999999775566599
118,3,x_24,1.000000014550912
119,4,x_24,0.9999999555873428
120,0,x_25,1.0000000001215128
121,1,x_25,1.0000000027368516
122,2,x_25,0.9999999010603444
123,3,x_25,0.9999999786113982
124,4,x_25,0.9999999892680339
125,0,x_26,0.9999999796034064
126,1,x_26,0.9999999659697452
127,2,x_26,0.9999999318415708
128,3,x_26,0.9999999762787991
129,4,x_26,0.9999999679985834
130,0,x_27,1.0000000060075644
131,1,x_27,1.0000000017702086
132,2,x_27,0.9999999904001087
133,3,x_27,0.9999999966743377
134,4,x_27,0.9999999781683131
135,0,x_28,0.9999999740574481
136,1,x_28,0.9999999876180624
137,2,x_28,1.00000000958398
138,3,x_28,1.0000000108210876
139,4,x_28,0.999999983826628
140,0,x_29,0.9999999957880265
141,1,x_29,1.0000000159180549
142,2,x_29,1.0000000116271643
143,3,x_29,0.9999999767909136
144,4,x_29,0.9999999964180426
145,0,x_30,0.9999999701107687
146,1,x_30,0.9999999694598269
147,2,x_30,1.0000000167388192
148,3,x_30,0.9999999704840344
149,4,x_30,0.9999999758182273
0,0,x_1,0.9999999909867098
1,1,x_1,0.9999999596454003
2,2,x_1,1.0000000087857055
3,3,x_1,1.0000000154950166
4,4,x_1,0.9999999629939362
5,0,x_2,1.0000000066687929
6,1,x_2,0.9999999779980584
7,2,x_2,0.9999999807930303
8,3,x_2,0.9999999883610148
9,4,x_2,0.999999992405576
10,0,x_3,0.9999999855949
11,1,x_3,1.0000000219329244
12,2,x_3,0.9999999751819297
13,3,x_3,0.9999999989002814
14,4,x_3,0.9999999882530356
15,0,x_4,1.0000000046336028
16,1,x_4,0.9999999569875577
17,2,x_4,0.9999999689609912
18,3,x_4,0.9999999649670597
19,4,x_4,1.0000000197815486
20,0,x_5,1.0000000014128865
21,1,x_5,0.999999993853715
22,2,x_5,0.9999999928798827
23,3,x_5,0.9999999945078469
24,4,x_5,0.9999999849306628
25,0,x_6,1.0000000007705323
26,1,x_6,0.9999999873592335
27,2,x_6,1.000000012491813
28,3,x_6,0.9999999884351348
29,4,x_6,0.9999999935137255
30,0,x_7,1.0000000132041904
31,1,x_7,1.0000000129052442
32,2,x_7,0.9999998857761787
33,3,x_7,1.0000000018973374
34,4,x_7,0.9999999871222002
35,0,x_8,0.9999999922771211
36,1,x_8,1.0000000223118417
37,2,x_8,0.9999999335978297
38,3,x_8,0.9999999894584455
39,4,x_8,1.0000000193017256
40,0,x_9,1.0000000111902791
41,1,x_9,1.0000000172591805
42,2,x_9,1.000000018790811
43,3,x_9,0.9999999842528772
44,4,x_9,0.9999999479004512
45,0,x_10,1.0000000299992529
46,1,x_10,0.9999999837833974
47,2,x_10,0.9999999720573601
48,3,x_10,0.9999999951566526
49,4,x_10,0.9985800886201139
50,0,x_11,0.9999999832662775
51,1,x_11,1.0000000006057748
52,2,x_11,0.999999991883894
53,3,x_11,0.9999999895058118
54,4,x_11,1.0000000325518634
55,0,x_12,1.0000000210123776
56,1,x_12,0.9999999423130036
57,2,x_12,0.9999999827804493
58,3,x_12,0.9999999877917171
59,4,x_12,0.999999998846159
60,0,x_13,0.9999999821330492
61,1,x_13,0.9999999825306457
62,2,x_13,0.9999999181293627
63,3,x_13,1.000000036035114
64,4,x_13,0.9999999953089502
65,0,x_14,0.999999994495253
66,1,x_14,1.0000000028538005
67,2,x_14,0.9999999521174692
68,3,x_14,1.0000000268979674
69,4,x_14,0.9999999782514608
70,0,x_15,1.000000012298531
71,1,x_15,1.0000000222734509
72,2,x_15,0.9999999995606421
73,3,x_15,1.0000000000819078
74,4,x_15,1.0000000042676784
75,0,x_16,0.999999959545906
76,1,x_16,0.9999999192012253
77,2,x_16,1.0000000302450835
78,3,x_16,0.9999999974387457
79,4,x_16,0.9999999820186097
80,0,x_17,1.0000000204653587
81,1,x_17,0.9999998645544514
82,2,x_17,0.9999999963821734
83,3,x_17,0.9999999998116926
84,4,x_17,0.9999999966218398
85,0,x_18,1.0000000208974604
86,1,x_18,0.9999999510689348
87,2,x_18,0.9999999890260165
88,3,x_18,1.0000000085718583
89,4,x_18,1.0000000111651846
90,0,x_19,1.0000000165299454
91,1,x_19,0.9999999818596481
92,2,x_19,0.9999999832639148
93,3,x_19,1.0000000133938698
94,4,x_19,0.9999999671545012
95,0,x_20,1.0000000227920547
96,1,x_20,0.9999999722347483
97,2,x_20,1.0000000021289825
98,3,x_20,1.0000000073506716
99,4,x_20,0.9999999740240527
100,0,x_21,0.999999976227769
101,1,x_21,0.9999999535912754
102,2,x_21,1.0000000131311955
103,3,x_21,0.999999987899934
104,4,x_21,0.999999858640199
105,0,x_22,0.9999998713229517
106,1,x_22,0.9999999856062509
107,2,x_22,0.9999980823881625
108,3,x_22,1.0000000025852418
109,4,x_22,0.9981905355980788
110,0,x_23,0.9999999724549832
111,1,x_23,0.999999960746659
112,2,x_23,0.9999986342940298
113,3,x_23,0.9999999979312328
114,4,x_23,1.0000000308035302
115,0,x_24,0.9999999811609822
116,1,x_24,1.0000000363834336
117,2,x_24,0.999999989313321
118,3,x_24,0.999999971301677
119,4,x_24,0.9999999470113182
120,0,x_25,0.9999999644932783
121,1,x_25,0.9999999888872159
122,2,x_25,0.999999993432143
123,3,x_25,0.9999999721399931
124,4,x_25,0.9999999588171631
125,0,x_26,0.9999999534642894
126,1,x_26,0.9999999927701464
127,2,x_26,1.0000000214469926
128,3,x_26,0.9999999918087341
129,4,x_26,1.0000000020525714
130,0,x_27,1.0000000237700346
131,1,x_27,1.0000000065163477
132,2,x_27,0.9999999619620559
133,3,x_27,1.0000000076492548
134,4,x_27,0.9999999641156989
135,0,x_28,0.9999999732903677
136,1,x_28,0.9999999832538955
137,2,x_28,0.9999999772169879
138,3,x_28,1.0000000079423002
139,4,x_28,1.000000014752001
140,0,x_29,0.9999999986452552
141,1,x_29,0.9999999819386095
142,2,x_29,0.9999999751323082
143,3,x_29,1.0000000038271148
144,4,x_29,0.9999999832523842
145,0,x_30,0.9999999640475996
146,1,x_30,1.0000000088690448
147,2,x_30,0.9999998210108983
148,3,x_30,0.9999999821861565
149,4,x_30,0.99999994489519
0,0,x_1,1.000000005277328
1,1,x_1,1.0000000312004231
2,2,x_1,0.9999999927421815
3,3,x_1,1.000000001011307
4,4,x_1,1.0000000096795785
5,0,x_2,1.0000000060031375
6,1,x_2,0.9999999830259202
7,2,x_2,1.000000002942179
8,3,x_2,0.999999999769882
9,4,x_2,1.000000004020433
10,0,x_3,0.9999999657533151
11,1,x_3,0.9999999785227318
12,2,x_3,0.99999998007626
13,3,x_3,1.0000000069533985
14,4,x_3,0.9999999873924419
15,0,x_4,0.9999999659599421
16,1,x_4,0.9999999937563329
17,2,x_4,1.0000000148714998
18,3,x_4,0.9999999700113967
19,4,x_4,0.9999999928786637
20,0,x_5,0.9999999838663322
21,1,x_5,0.9999999770174326
22,2,x_5,0.9999999256543832
23,3,x_5,0.9999999911016645
24,4,x_5,0.999999993642528
25,0,x_6,0.9999999846659572
26,1,x_6,1.0000000072596262
27,2,x_6,0.9999999891374702
28,3,x_6,0.9999999989523598
29,4,x_6,0.9962922464282559
30,0,x_7,0.9999999823731253
31,1,x_7,1.0000000115706393
32,2,x_7,0.9999999829289694
33,3,x_7,1.0000000212755877
34,4,x_7,1.000000019054516
35,0,x_8,0.999999997921271
36,1,x_8,0.9999999814027224
37,2,x_8,1.00000001122516
38,3,x_8,0.9999999931943309
39,4,x_8,1.000000012815983
40,0,x_9,0.9999999838564838
41,1,x_9,0.9999999945272317
42,2,x_9,0.9999999854358199
43,3,x_9,0.9999999833955246
44,4,x_9,1.0000000201729606
45,0,x_10,0.9999999629140224
46,1,x_10,1.000000016996275
47,2,x_10,0.9999999325162735
48,3,x_10,1.0000000081584197
49,4,x_10,1.000000011421441
50,0,x_11,1.0000000057013736
51,1,x_11,1.000000005556906
52,2,x_11,0.9999999832936437
53,3,x_11,1.0000000012868921
54,4,x_11,1.0000000380898633
55,0,x_12,1.0000000316870359
56,1,x_12,1.0000000089567256
57,2,x_12,0.9999999382871391
58,3,x_12,0.9987480702445978
59,4,x_12,0.9999999663279273
60,0,x_13,1.0000000033721206
61,1,x_13,0.9999999677980729
62,2,x_13,0.9999999637571675
63,3,x_13,1.0000000180793442
64,4,x_13,1.0000000016728297
65,0,x_14,0.9999999908472599
66,1,x_14,0.9999999803971398
67,2,x_14,0.9999999692113509
68,3,x_14,0.9999999973731517
69,4,x_14,1.0000000150206787
70,0,x_15,0.9974221071506807
71,1,x_15,0.999999961705087
72,2,x_15,0.9999999552943463
73,3,x_15,1.0000000028773763
74,4,x_15,0.9999999676670606
75,0,x_16,0.9999999669625591
76,1,x_16,0.9999999572345084
77,2,x_16,1.000000002066709
78,3,x_16,0.9999999924147056
79,4,x_16,0.9999999641624915
80,0,x_17,0.9999999103312786
81,1,x_17,1.0000000290481126
82,2,x_17,1.0000000229963115
83,3,x_17,1.0000000153317476
84,4,x_17,0.9999999727662305
85,0,x_18,0.9999999272986567
86,1,x_18,0.9999999987362388
87,2,x_18,1.0000000109353935
88,3,x_18,1.000000005111749
89,4,x_18,1.0000000217290355
90,0,x_19,1.0000000027113505
91,1,x_19,1.000000005867834
92,2,x_19,1.0000000088919567
93,3,x_19,0.9999999898922304
94,4,x_19,0.9999999669722276
95,0,x_20,1.0000000115492642
96,1,x_20,1.0000000026119027
97,2,x_20,0.999999985673512
98,3,x_20,0.9978448701525691
99,4,x_20,0.9999999146088545
100,0,x_21,0.9999999866715243
101,1,x_21,1.0000000039765842
102,2,x_21,1.0000000081114138
103,3,x_21,0.999999992911585
104,4,x_21,0.9999999418142397
105,0,x_22,0.9999999852118091
106,1,x_22,0.9999999741943514
107,2,x_22,0.9999999646949476
108,3,x_22,1.0000000143753387
109,4,x_22,1.0000000154607074
110,0,x_23,0.9999999932046043
111,1,x_23,0.9999999766690778
112,2,x_23,0.9999999936357472
113,3,x_23,0.9999999278043845
114,4,x_23,0.9999999822142164
115,0,x_24,0.9999999811862722
116,1,x_24,0.9999999912580813
117,2,x_24,1.0000000229552952
118,3,x_24,1.000000028443411
119,4,x_24,1.0000000057776324
120,0,x_25,0.9999999799725937
121,1,x_25,1.0000000280025112
122,2,x_25,0.9981003708461864
123,3,x_25,0.9999999527215573
124,4,x_25,0.9999999809890919
125,0,x_26,0.9999999620622729
126,1,x_26,0.9999999938382538
127,2,x_26,0.9999999841993048
128,3,x_26,0.9999999737668094
129,4,x_26,1.000000002049167
130,0,x_27,0.999999990859747
131,1,x_27,0.9999999693422065
132,2,x_27,0.999999981485182
133,3,x_27,0.9999998892124913
134,4,x_27,1.000000018532202
135,0,x_28,0.9999999948111267
136,1,x_28,0.9999999506525763
137,2,x_28,0.999999984539519
138,3,x_28,0.9988416285669285
139,4,x_28,0.9999999857216966
140,0,x_29,0.999999998332699
141,1,x_29,0.9999999586932363
142,2,x_29,0.9999999803477021
143,3,x_29,0.9999999343407663
144,4,x_29,0.9999999942396399
145,0,x_30,1.0000000012410926
146,1,x_30,0.9999999703558942
147,2,x_30,0.9999999611592693
148,3,x_30,0.9999998993372786
149,4,x_30,1.0000000161162457
0,0,x_1,1.000000005992785
1,1,x_1,0.9999999893578283
2,2,x_1,0.999999964985049
3,3,x_1,0.9999999739741644
4,4,x_1,0.999999986975877
5,0,x_2,0.9999999946146945
6,1,x_2,1.0000000055467446
7,2,x_2,1.0000000019431308
8,3,x_2,0.9999999928679851
9,4,x_2,0.9999999901506496
10,0,x_3,1.000000012713071
11,1,x_3,0.999999942935592
12,2,x_3,0.9999999935318286
13,3,x_3,0.9999999994925051
14,4,x_3,0.999998484180817
15,0,x_4,0.9999999934351153
16,1,x_4,1.000000023145136
17,2,x_4,0.9999999818239667
18,3,x_4,1.0000000105732876
19,4,x_4,0.9999988005387771
20,0,x_5,0.999999989899058
21,1,x_5,0.9999999861714968
22,2,x_5,0.9999999649842443
23,3,x_5,1.0000000194269485
24,4,x_5,0.9999999491430366
25,0,x_6,1.0000000145304624
26,1,x_6,0.9999999952770791
27,2,x_6,1.0000000250903462
28,3,x_6,1.0000000148735677
29,4,x_6,1.0000000246016012
30,0,x_7,0.999999983937985
31,1,x_7,0.9999999961520972
32,2,x_7,0.999999975082735
33,3,x_7,0.9999999725488367
34,4,x_7,0.9999999971508442
35,0,x_8,0.9999999731954906
36,1,x_8,1.0000000033105036
37,2,x_8,0.9999999831917634
38,3,x_8,1.0000000010885102
39,4,x_8,1.000000021560095
40,0,x_9,1.0000000103715432
41,1,x_9,0.9999999940480937
42,2,x_9,0.9999999890713929
43,3,x_9,0.9999999757535296
44,4,x_9,1.0000000530711284
45,0,x_10,0.999999999003433
46,1,x_10,1.0000000292627254
47,2,x_10,0.9999999989934735
48,3,x_10,0.9999999659645664
49,4,x_10,0.9999999725058432
50,0,x_11,0.9999999883420053
51,1,x_11,1.0000000123955828
52,2,x_11,1.0000000142044434
53,3,x_11,0.9999999527264388
54,4,x_11,0.9999999894808885
55,0,x_12,0.9999999775979128
56,1,x_12,0.9999996866667672
57,2,x_12,1.0000000013726316
58,3,x_12,1.0000000280588888
59,4,x_12,0.9999999799387962
60,0,x_13,0.9999999761795844
61,1,x_13,0.9999991941058106
62,2,x_13,0.9999999514741644
63,3,x_13,0.9999999555961011
64,4,x_13,1.0000000165972822
65,0,x_14,1.0000000026859632
66,1,x_14,0.9999999742692267
67,2,x_14,0.9999999462558025
68,3,x_14,0.9999999738545694
69,4,x_14,1.0000000055037135
70,0,x_15,0.9999999857811129
71,1,x_15,0.9999999322667346
72,2,x_15,0.9999999987828592
73,3,x_15,0.99999998427805
74,4,x_15,0.9999999749614552
75,0,x_16,0.9999999996003134
76,1,x_16,0.9999999833234687
77,2,x_16,0.999999988328092
78,3,x_16,0.9999999864187579
79,4,x_16,0.9999999868232178
80,0,x_17,0.9999999442215545
81,1,x_17,1.0000000239343754
82,2,x_17,0.9961312373560136
83,3,x_17,0.9999999618083608
84,4,x_17,1.000000046119868
85,0,x_18,0.9999999708384951
86,1,x_18,0.9999999969784735
87,2,x_18,1.0000000205342516
88,3,x_18,0.9999999793809582
89,4,x_18,0.9999999859163059
90,0,x_19,1.0000000168746501
91,1,x_19,0.9999999726770687
92,2,x_19,0.9999999885987708
93,3,x_19,0.9999999883865759
94,4,x_19,0.9999999989962582
95,0,x_20,1.0000000047818178
96,1,x_20,0.9999999718351912
97,2,x_20,0.9999999755236352
98,3,x_20,1.0000000129456994
99,4,x_20,0.9999999665748485
100,0,x_21,0.9999999747052546
101,1,x_21,0.9999999978353865
102,2,x_21,1.0000000252360364
103,3,x_21,0.9999999765032885
104,4,x_21,0.9999999745330499
105,0,x_22,1.0000000139514067
106,1,x_22,0.9999999534487868
107,2,x_22,0.9999999852250899
108,3,x_22,0.9999999669676787
109,4,x_22,0.9999999844639323
110,0,x_23,0.9999999818494744
111,1,x_23,0.9999997966253892
112,2,x_23,1.0000000240693332
113,3,x_23,0.9999999781199383
114,4,x_23,0.9999999829303551
115,0,x_24,1.000000001508691
116,1,x_24,0.9999999426995823
117,2,x_24,0.9999999911068311
118,3,x_24,1.000000011613732
119,4,x_24,1.000000002853678
120,0,x_25,0.9999999966106287
121,1,x_25,0.9999998741530837
122,2,x_25,0.9999999831290804
123,3,x_25,0.9999999822039615
124,4,x_25,0.9999999517354698
125,0,x_26,0.9999999447517395
126,1,x_26,0.999999919103028
127,2,x_26,0.9999999386553504
128,3,x_26,0.9999999795225355
129,4,x_26,1.0000000132883933
130,0,x_27,0.999999986853362
131,1,x_27,1.0000000187883051
132,2,x_27,0.9999999818478705
133,3,x_27,0.9999999956960218
134,4,x_27,0.9999999853656367
135,0,x_28,1.0000000098768946
136,1,x_28,0.9999999942327954
137,2,x_28,1.0000000109812994
138,3,x_28,1.0000000363038803
139,4,x_28,1.0000000077529492
140,0,x_29,1.0000000004552365
141,1,x_29,0.999999977609206
142,2,x_29,0.9999999877149686
143,3,x_29,0.9980567549311787
144,4,x_29,1.0000000071324386
145,0,x_30,1.0000000266420384
146,1,x_30,1.0000000101141928
147,2,x_30,1.0000000012430896
148,3,x_30,1.0000000101110833
149,4,x_30,0.9999999817275959
0,0,x_1,0.9999999748836972
1,1,x_1,0.9999999798989279
2,2,x_1,0.9999999875323289
3,3,x_1,0.9963138981382814
4,4,x_1,0.9999999858165589
5,0,x_2,0.9999999962128693
6,1,x_2,0.9954148610180313
7,2,x_2,0.9975467633495172
8,3,x_2,0.9999999735343302
9,4,x_2,0.9999999723457081
10,0,x_3,1.000000012392071
11,1,x_3,0.9999999845730686
12,2,x_3,0.996973804529424
13,3,x_3,0.9999999899089899
14,4,x_3,0.9999999681891775
15,0,x_4,1.0000000065628998
16,1,x_4,1.0000000002998402
17,2,x_4,1.0000000092806247
18,3,x_4,0.9882069870902405
19,4,x_4,0.999999999292547
20,0,x_5,0.9999999867110776
21,1,x_5,0.9999999266825712
22,2,x_5,1.0000000036589247
23,3,x_5,0.999999964063884
24,4,x_5,0.9999999961523379
25,0,x_6,0.9999999723361477
26,1,x_6,1.0000000120595036
27,2,x_6,0.9999999741972028
28,3,x_6,1.000000002330877
29,4,x_6,0.9980176803907309
30,0,x_7,0.9999999542030038
31,1,x_7,0.9983542505548986
32,2,x_7,1.000000005358226
33,3,x_7,0.9999999769654049
34,4,x_7,0.9973980382424972
35,0,x_8,1.0000000029998068
36,1,x_8,0.9999999704314956
37,2,x_8,0.9999999957555904
38,3,x_8,0.9999999991945362
39,4,x_8,1.0000000238732303
40,0,x_9,0.9999998793608145
41,1,x_9,0.9999999942141938
42,2,x_9,0.9999999775039231
43,3,x_9,0.9979248113064763
44,4,x_9,0.9967480912403501
45,0,x_10,0.9999998933304719
46,1,x_10,1.000000023552772
47,2,x_10,1.0000000036425472
48,3,x_10,1.0000000237799223
49,4,x_10,1.0000000067443091
50,0,x_11,0.9999999663361192
51,1,x_11,1.000000032020559
52,2,x_11,1.0000000030980813
53,3,x_11,0.9999999946980742
54,4,x_11,0.9999999913143891
55,0,x_12,0.9977720026026069
56,1,x_12,1.0000000191488696
57,2,x_12,0.9999999853551234
58,3,x_12,0.999999995603374
59,4,x_12,1.0000000087547103
60,0,x_13,1.0000000323027172
61,1,x_13,0.999999964738529
62,2,x_13,0.9999999782412347
63,3,x_13,0.9999999896782975
64,4,x_13,0.9999999894050897
65,0,x_14,0.999999964735571
66,1,x_14,0.9999999955609725
67,2,x_14,0.9999999977310614
68,3,x_14,0.9988774857112979
69,4,x_14,0.9999999964847143
70,0,x_15,1.0000000070301729
71,1,x_15,0.9999999788546512
72,2,x_15,1.0000000047228859
73,3,x_15,0.9977058368707651
74,4,x_15,1.0000000049375775
75,0,x_16,1.0000000221644085
76,1,x_16,0.9999999111316014
77,2,x_16,0.9999999838588057
78,3,x_16,0.9999999820981625
79,4,x_16,0.9999999723968246
80,0,x_17,1.00000001309056
81,1,x_17,0.9999999535856708
82,2,x_17,0.999999970663708
83,3,x_17,1.0000000028986704
84,4,x_17,0.9999999989061639
85,0,x_18,1.000000026357451
86,1,x_18,0.998581641135417
87,2,x_18,0.9991216621749837
88,3,x_18,0.9999999981010739
89,4,x_18,1.0000000112531064
90,0,x_19,1.0000000499607355
91,1,x_19,0.9999999948108648
92,2,x_19,1.0000000148620316
93,3,x_19,1.000000022041605
94,4,x_19,1.0000000160846072
95,0,x_20,1.0000000106814007
96,1,x_20,1.000000043856567
97,2,x_20,1.0000000029566654
98,3,x_20,0.9988410987065289
99,4,x_20,0.9999999890407646
100,0,x_21,1.0000000018205706
101,1,x_21,1.0000000086111043
102,2,x_21,0.9999999818867349
103,3,x_21,1.000000010091732
104,4,x_21,0.999999962135451
105,0,x_22,0.9999999571323477
106,1,x_22,0.9999999863973608
107,2,x_22,0.9999999767528274
108,3,x_22,0.9999999906901579
109,4,x_22,0.9999999920727585
110,0,x_23,0.9999999657335302
111,1,x_23,1.0000000238278284
112,2,x_23,1.0000000331628531
113,3,x_23,0.9991641238203992
114,4,x_23,1.000000001441513
115,0,x_24,0.9999999962660322
116,1,x_24,0.9999999864226378
117,2,x_24,1.0000000049914206
118,3,x_24,0.9983190474699246
119,4,x_24,0.9999999503915296
120,0,x_25,0.9999999761506233
121,1,x_25,0.9999999686598154
122,2,x_25,1.0000000112691079
123,3,x_25,0.999999968261331
124,4,x_25,0.9999999002950857
125,0,x_26,0.9999999273727506
126,1,x_26,0.9999999817088518
127,2,x_26,0.9999999772471236
128,3,x_26,0.9999999536072289
129,4,x_26,1.0000000125342456
130,0,x_27,0.9981029477317006
131,1,x_27,1.0000000076602575
132,2,x_27,0.999052072983252
133,3,x_27,0.9999999758242093
134,4,x_27,1.000000011133397
135,0,x_28,0.9999999912760829
136,1,x_28,0.9999999809792183
137,2,x_28,0.9999999699604333
138,3,x_28,0.9999999509904831
139,4,x_28,1.0000000175323156
140,0,x_29,1.0000000000143792
141,1,x_29,1.000000063452594
142,2,x_29,1.000000021755381
143,3,x_29,0.999999994590972
144,4,x_29,0.9985384446882664
145,0,x_30,0.9999999722104856
146,1,x_30,0.9999999564277215
147,2,x_30,0.9999999972825419
148,3,x_30,0.9962234460918277
149,4,x_30,0.999999989270118
0,0,x_1,1.000000006443386
1,1,x_1,0.9999999857079819
2,2,x_1,1.0000000305613113
3,3,x_1,1.0000000526927106
4,4,x_1,0.9999999518028935
5,0,x_2,0.9830927064979904
6,1,x_2,1.0000000122812374
7,2,x_2,1.0000000042276571
8,3,x_2,1.0000000190825873
9,4,x_2,1.0000000046887678
10,0,x_3,0.9999999648813923
11,1,x_3,0.9999999259806626
12,2,x_3,0.9999999642653435
13,3,x_3,1.00000000282633
14,4,x_3,1.0000000010984937
15,0,x_4,0.997845926531639
16,1,x_4,0.9999999500216551
17,2,x_4,0.999999977529792
18,3,x_4,0.9999999775155115
19,4,x_4,0.9999999851891626
20,0,x_5,0.9999999871117385
21,1,x_5,0.9999999001960179
22,2,x_5,0.9999999975984033
23,3,x_5,0.9999999442634818
24,4,x_5,0.9999999801765392
25,0,x_6,1.0000000060648377
26,1,x_6,0.9999999302708616
27,2,x_6,0.9999994222770797
28,3,x_6,0.9999999708236215
29,4,x_6,0.9972540288584384
30,0,x_7,1.0000000083800311
31,1,x_7,0.9999999727374045
32,2,x_7,0.9999968209826194
33,3,x_7,0.9999999935945858
34,4,x_7,1.0000000031446363
35,0,x_8,0.9999999111703788
36,1,x_8,0.9999999935865037
37,2,x_8,1.0000000138261198
38,3,x_8,1.0000000019471553
39,4,x_8,0.9999999709956359
40,0,x_9,0.9999998482145888
41,1,x_9,0.9999999830097878
42,2,x_9,0.999999941890266
43,3,x_9,1.0000000204641857
44,4,x_9,0.9999999581078752
45,0,x_10,0.9999999973686294
46,1,x_10,0.9999999869457874
47,2,x_10,0.999999881679613
48,3,x_10,0.9999998347337453
49,4,x_10,0.9999999775323914
50,0,x_11,1.000000012347839
51,1,x_11,0.999999954004679
52,2,x_11,1.0000000059962475
53,3,x_11,0.9999997107842421
54,4,x_11,1.0000000001836142
55,0,x_12,0.9999999726346309
56,1,x_12,0.99999996179838
57,2,x_12,1.0000000130659255
58,3,x_12,0.9999999765926088
59,4,x_12,0.9999999644816921
60,0,x_13,0.9999999722401841
61,1,x_13,0.999999965614817
62,2,x_13,0.9999995145103368
63,3,x_13,0.9999999829845806
64,4,x_13,0.9999999945584718
65,0,x_14,0.9999999741902768
66,1,x_14,1.0000000127672428
67,2,x_14,0.9999995832484206
68,3,x_14,0.9999999160437381
69,4,x_14,0.9999999823237878
70,0,x_15,0.9999999774725895
71,1,x_15,0.9999999580434142
72,2,x_15,0.9999999684984963
73,3,x_15,0.9999999529486671
74,4,x_15,1.0000000383923602
75,0,x_16,1.0000000370282451
76,1,x_16,0.9999999607842255
77,2,x_16,1.0000000118132415
78,3,x_16,1.0000000019260848
79,4,x_16,0.9999999002351925
80,0,x_17,0.9999999953729726
81,1,x_17,0.9999999845961915
82,2,x_17,0.999999963985635
83,3,x_17,0.9999999892686466
84,4,x_17,0.9999999958873674
85,0,x_18,1.0000000116940884
86,1,x_18,1.0000000184653182
87,2,x_18,1.0000000196726258
88,3,x_18,0.9999998819669866
89,4,x_18,1.0000000092998544
90,0,x_19,0.9999999648815426
91,1,x_19,0.9999999521612439
92,2,x_19,1.0000000124358033
93,3,x_19,0.9999996823991695
94,4,x_19,0.9999999843998875
95,0,x_20,1.0000000353377745
96,1,x_20,0.9999999627810776
97,2,x_20,1.0000000254241894
98,3,x_20,0.9999999977373389
99,4,x_20,1.0000000248143037
100,0,x_21,0.9999999623596953
101,1,x_21,0.9999999177562608
102,2,x_21,0.9999999787835028
103,3,x_21,0.9999999905439027
104,4,x_21,0.9999999476280873
105,0,x_22,0.9999999853501981
106,1,x_22,0.9999999833673556
107,2,x_22,0.9999999895414441
108,3,x_22,0.9999988116446673
109,4,x_22,1.000000008283002
110,0,x_23,0.9999999283429228
111,1,x_23,0.9981020095153631
112,2,x_23,0.9999999834981635
113,3,x_23,0.9978349698427813
114,4,x_23,0.9999999578489404
115,0,x_24,0.9999999014887873
116,1,x_24,0.9999999693933181
117,2,x_24,1.0000000230996122
118,3,x_24,0.9999999935492656
119,4,x_24,0.9999999980173597
120,0,x_25,0.9999999407269602
121,1,x_25,0.9999999361433886
122,2,x_25,1.0000000434134317
123,3,x_25,0.9999999627911592
124,4,x_25,0.9999998221641688
125,0,x_26,0.9999998143807468
126,1,x_26,0.9975800414218065
127,2,x_26,1.0000000073397648
128,3,x_26,1.0000000045356283
129,4,x_26,0.9999998989943557
130,0,x_27,0.9999996614923784
131,1,x_27,0.9999999529635859
132,2,x_27,0.9999999652520484
133,3,x_27,0.9999999635500408
134,4,x_27,0.9999999727263083
135,0,x_28,0.9999999767910169
136,1,x_28,1.000000006766946
137,2,x_28,0.9999999732544329
138,3,x_28,0.9999999529073407
139,4,x_28,1.0000000312157737
140,0,x_29,0.9999999657741353
141,1,x_29,1.0000000360647023
142,2,x_29,0.999999913786905
143,3,x_29,0.9999999744541034
144,4,x_29,1.0000000247734167
145,0,x_30,0.9999999492353135
146,1,x_30,0.9999999410657777
147,2,x_30,0.9999999813580303
148,3,x_30,0.9999999889130475
149,4,x_30,0.9999999724636836
